{
  "request_id": "68d86bfe-961c-4767-b047-526633cd55b6",
  "status": "completed",
  "website_url": "https://www.instagram.com/lunigal",
  "user_prompt": "Extract the instagram profile information",
  "result": {
    "profileName": "Lunigal Paris 🌟",
    "profileHandle": "lunigal",
    "followers": 45718,
    "postCount": 1230,
    "relatedProfiles": [
      {
        "profileName": "BdeB EYEWEAR",
        "profileHandle": "bdebeyewear",
        "profileUrl": "https://www.instagram.com/bdebeyewear"
      },
      {
        "profileName": "Lunette Noire - Opticien Paris",
        "profileHandle": "lunettenoireoff",
        "profileUrl": "https://www.instagram.com/lunettenoireoff"
      },
      {
        "profileName": "Douka Paris",
        "profileHandle": "douka_",
        "profileUrl": "https://www.instagram.com/douka_"
      },
      {
        "profileName": "July of St Barth Officiel",
        "profileHandle": "julystbarthelemy_officiel",
        "profileUrl": "https://www.instagram.com/julystbarthelemy_officiel"
      },
      {
        "profileName": "Alpine Eyewear",
        "profileHandle": "alpineeyewear",
        "profileUrl": "https://www.instagram.com/alpineeyewear"
      },
      {
        "profileName": "Advision Studio",
        "profileHandle": "advision.studio",
        "profileUrl": "https://www.instagram.com/advision.studio"
      },
      {
        "profileName": "Atelier Chrome Serigraphie®",
        "profileHandle": "atelierchromeserigraphie",
        "profileUrl": "https://www.instagram.com/atelierchromeserigraphie"
      },
      {
        "profileName": "Talel",
        "profileHandle": "talelparis",
        "profileUrl": "https://www.instagram.com/talelparis"
      },
      {
        "profileName": "Graphiti Lyon - Magasin multimarques de Luxe",
        "profileHandle": "graphitilyon",
        "profileUrl": "https://www.instagram.com/graphitilyon"
      },
      {
        "profileName": "Original Marrakech",
        "profileHandle": "originalmarrakech",
        "profileUrl": "https://www.instagram.com/originalmarrakech/"
      },
      {
        "profileName": "Alba Nera - Mediterranean Eyewear",
        "profileHandle": "albanera_eyewear",
        "profileUrl": "https://www.instagram.com/albanera_eyewear/"
      },
      {
        "profileName": "S T U D I O    F R E M O N T",
        "profileHandle": "studiofremont",
        "profileUrl": "https://www.instagram.com/studiofremont/"
      },
      {
        "profileName": "Arthestic, l'art de sublimer.",
        "profileHandle": "arthesticparis",
        "profileUrl": "https://www.instagram.com/arthesticparis/"
      },
      {
        "profileName": "NILESSENCES",
        "profileHandle": "nilessences",
        "profileUrl": "https://www.instagram.com/nilessences/"
      },
      {
        "profileName": "KRP",
        "profileHandle": "lagencekrp",
        "profileUrl": "https://www.instagram.com/lagencekrp/"
      },
      {
        "profileName": "Hôtel Migny Paris ⭐️⭐️⭐️",
        "profileHandle": "hotelmignyparis",
        "profileUrl": "https://www.instagram.com/hotelmignyparis/"
      },
      {
        "profileName": "Agence Vanessa Touati",
        "profileHandle": "agencevanessatouati",
        "profileUrl": "https://www.instagram.com/agencevanessatouati/"
      },
      {
        "profileName": "Lift Off / Mother Agency",
        "profileHandle": "liftoffmodels",
        "profileUrl": "https://www.instagram.com/liftoffmodels/"
      },
      {
        "profileName": "𝙎𝙚𝙗 𝙥𝙖𝙧𝙛𝙪𝙢",
        "profileHandle": "seb_luxury",
        "profileUrl": "https://www.instagram.com/seb_luxury/"
      },
      {
        "profileName": "THE WOODS GALLERY",
        "profileHandle": "thewoodsgallery",
        "profileUrl": "https://www.instagram.com/thewoodsgallery/"
      },
      {
        "profileName": "Compagnie des Gemmes",
        "profileHandle": "compagniedesgemmes",
        "profileUrl": "https://www.instagram.com/compagniedesgemmes/"
      },
      {
        "profileName": "Germaine_des_pres",
        "profileHandle": "germaine_des_pres",
        "profileUrl": "https://www.instagram.com/germaine_des_pres/"
      },
      {
        "profileName": "Boutique Karsenty",
        "profileHandle": "boutiquekarsenty",
        "profileUrl": "https://www.instagram.com/boutiquekarsenty/"
      },
      {
        "profileName": "SIBYLLE VON MÜNSTER",
        "profileHandle": "sibylle_von_munster",
        "profileUrl": "https://www.instagram.com/sibylle_von_munster/"
      },
      {
        "profileName": "Isabelle Denisi-Russo",
        "profileHandle": "ideco_lafee",
        "profileUrl": "https://www.instagram.com/ideco_lafee/"
      },
      {
        "profileName": "LUXURIA - Wedding Planner",
        "profileHandle": "luxuria.wedding",
        "profileUrl": "https://www.instagram.com/luxuria.wedding/"
      },
      {
        "profileName": "Asiart Gallery  #Somsak_Hanumas",
        "profileHandle": "asiart_gallery_",
        "profileUrl": "https://www.instagram.com/asiart_gallery_/"
      },
      {
        "profileName": "MAÉHSA",
        "profileHandle": "maehsa_paris",
        "profileUrl": "https://www.instagram.com/maehsa_paris/"
      },
      {
        "profileName": "Minima",
        "profileHandle": "minima_eyewear",
        "profileUrl": "https://www.instagram.com/minima_eyewear/"
      },
      {
        "profileName": "DIPLODOCUS",
        "profileHandle": "diplodocus_officiel",
        "profileUrl": "https://www.instagram.com/diplodocus_officiel/"
      },
      {
        "profileName": "Rivka V. Nahmias",
        "profileHandle": "rivka.nahmias",
        "profileUrl": "https://www.instagram.com/rivka.nahmias/"
      },
      {
        "profileName": "OLDĒ",
        "profileHandle": "olde______",
        "profileUrl": "https://www.instagram.com/olde______/"
      },
      {
        "profileName": "Hestia Renov Immo",
        "profileHandle": "hestiarenovimmo",
        "profileUrl": "https://www.instagram.com/hestiarenovimmo/"
      },
      {
        "profileName": "NAVA Joaillerie",
        "profileHandle": "nava_joaillerie",
        "profileUrl": "https://www.instagram.com/nava_joaillerie/"
      }
    ],
    "posts": [
      {
        "likes": 13,
        "commentsCount": 0,
        "url": "https://www.instagram.com/p/DAV_G47tLl1",
        "hasVideo": false,
        "isReel": false
      },
      {
        "likes": 8,
        "commentsCount": 1,
        "url": "https://www.instagram.com/p/DAV_FZgNZaK",
        "hasVideo": false,
        "isReel": false
      },
      {
        "likes": 6,
        "commentsCount": 0,
        "url": "https://www.instagram.com/p/DAV_DrxNkif",
        "hasVideo": false,
        "isReel": false
      },
      {
        "likes": 7,
        "commentsCount": 0,
        "url": "https://www.instagram.com/p/DAHIO3oxuZ1",
        "hasVideo": false,
        "isReel": false
      },
      {
        "likes": 15,
        "commentsCount": 0,
        "url": "https://www.instagram.com/p/DAHIMhpxakY",
        "hasVideo": false,
        "isReel": false
      },
      {
        "likes": 23,
        "commentsCount": 0,
        "url": "https://www.instagram.com/p/DAHIIlNxgdF",
        "hasVideo": false,
        "isReel": false
      },
      {
        "likes": 10,
        "commentsCount": 0,
        "url": "https://www.instagram.com/p/DAD7DHSNDEX",
        "hasVideo": false,
        "isReel": false
      },
      {
        "likes": 10,
        "commentsCount": 0,
        "url": "https://www.instagram.com/p/DAD7BqQNoMO",
        "hasVideo": false,
        "isReel": false
      },
      {
        "likes": 10,
        "commentsCount": 0,
        "url": "https://www.instagram.com/p/DAD6ZM7NpAV",
        "hasVideo": false,
        "isReel": false
      },
      {
        "likes": 7,
        "commentsCount": 0,
        "url": "https://www.instagram.com/p/DAB0OK1tWhX",
        "hasVideo": false,
        "isReel": false
      },
      {
        "likes": 9,
        "commentsCount": 0,
        "url": "https://www.instagram.com/p/DAB0MwcNgPC",
        "hasVideo": false,
        "isReel": false
      },
      {
        "likes": 9,
        "commentsCount": 0,
        "url": "https://www.instagram.com/p/DAB0LQdtTPO",
        "hasVideo": false,
        "isReel": false
      }
    ]
  },
  "error": ""
}
