[
  {
    "input": "public brands name",
    "examples": [
      "SocialBoost",
      "DataHarvest",
      "WebSifter",
      "BrandGuru",
      "MediaMagnet",
      "ScrapeMaster",
      "BuzzBlaster",
      "BrandPulse",
      "SocialPioneer",
      "WebCrawler",
      "MediaHive",
      "DataMiner",
      "BrandWhiz",
      "ScrapeGenius",
      "WebInsight",
      "MediaScope",
      "BrandTrend",
      "DataDynamo",
      "WebWizard",
      "MediaSavvy"
    ],
    "description": "This column is about storing the names of different brands involved in social media marketing and website data scraping within the project."
  },
  {
    "input": "public brands website_url",
    "examples": [
      "https://www.nike.com",
      "https://www.apple.com",
      "https://www.cocacola.com",
      "https://www.adidas.com",
      "https://www.starbucks.com",
      "https://www.amazon.com",
      "https://www.facebook.com",
      "https://www.google.com",
      "https://www.instagram.com",
      "https://www.mcdonalds.com",
      "https://www.spotify.com",
      "https://www.uber.com",
      "https://www.ibm.com",
      "https://www.youtube.com",
      "https://www.zara.com",
      "https://www.puma.com",
      "https://www.louisvuitton.com",
      "https://www.tesla.com",
      "https://www.volkswagen.com",
      "https://www.burberry.com"
    ],
    "description": "This column is about storing the URLs of the websites associated with the various brands involved in social media marketing and website data scraping project."
  },
  {
    "input": "public brands logo_url",
    "examples": [
      "https://www.company1.com/logo.jpg",
      "https://www.brand2.net/logo.png",
      "https://logo.brand3.org/logo.png",
      "https://www.brand4.com/images/logo.gif",
      "https://www.logosite5.io/logo.png",
      "https://brand6.com/logo.jpg",
      "https://www.logoplace7.org/logo.png",
      "https://brand8.net/logo.png",
      "https://www.logo9.com/image/logo.png",
      "https://logo.brand10.org/logo.jpg",
      "https://www.company11.com/logo.png",
      "https://logo.brand12.net/logo.jpg",
      "https://www.brand13.io/logo.png",
      "https://www.logosite14.com/logo.jpg",
      "https://brand15.org/logo.png",
      "https://www.logoplace16.net/images/logo.png",
      "https://brand17.com/logo.jpg",
      "https://www.logo18.io/logo.png",
      "https://brand19.net/logo.jpg",
      "https://www.logosite20.org/logo.png"
    ],
    "description": "This column is used to store the URL of the logo associated with each brand in the database. It likely contains the image location for the brand's logo that can be displayed on the social media profiles or websites."
  },
  {
    "input": "public brands description",
    "examples": [
      "Nike is a global brand known for its innovative sportswear and footwear. Established in 1964, Nike's mission is to bring inspiration and innovation to every athlete in the world.",
      "Apple Inc. is a technology company famous for its iPhones, MacBooks, and software products. Their brand philosophy revolves around simplicity, design excellence, and user-friendly experiences.",
      "Coca-Cola is a leading beverage brand with a long history dating back to 1886. Their iconic red branding and refreshing drinks appeal to people of all ages worldwide.",
      "L'Oréal is a renowned cosmetics brand offering a wide range of beauty products. Their brand champions diversity, inclusivity, and the empowerment of individuals through self-care.",
      "Tesla, founded by Elon Musk, is synonymous with electric vehicles and sustainable energy solutions. The brand is at the forefront of innovation in the automotive industry.",
      "Adidas is a sportswear brand recognized for its stylish and performance-oriented apparel and shoes. Adidas caters to athletes and fashion-conscious individuals alike.",
      "McDonald's is a fast-food giant with a global presence. Known for its Golden Arches logo and signature offerings like the Big Mac, the brand appeals to fast-food enthusiasts worldwide.",
      "Amazon is a tech and e-commerce giant known for its vast product selection and convenient online shopping experience. The brand prioritizes customer satisfaction and efficiency.",
      "Disney is an entertainment company beloved for its animated films, theme parks, and beloved characters. The brand evokes nostalgia and magical experiences for people of all ages.",
      "Gucci is a luxury fashion brand synonymous with high-end clothing, accessories, and perfumes. The brand embodies modern sophistication and timeless elegance.",
      "Google, a tech powerhouse, is known for its search engine, software products, and innovation in various tech sectors. The brand values information accessibility and technological advancement.",
      "Starbucks is a well-known coffeehouse chain offering a cozy atmosphere and a variety of coffee beverages. The brand promotes community, sustainability, and premium coffee quality.",
      "Ford is an automotive company with a rich history in producing cars, trucks, and SUVs. Known for its durability and American heritage, the brand appeals to a wide range of customers.",
      "PepsiCo is a leading food and beverage corporation with a diverse portfolio of brands. From Pepsi soda to Lay's chips, the brand caters to a wide range of consumer preferences.",
      "Netflix is a popular streaming service known for its original content and vast library of TV shows and movies. The brand revolutionized the entertainment industry with its on-demand viewing options.",
      "Louis Vuitton is a luxury fashion house renowned for its designer handbags, luggage, and accessories. The brand symbolizes prestige, craftsmanship, and exclusivity.",
      "Microsoft is a technology company offering software, hardware, and cloud services. Known for products like Windows and Xbox, the brand focuses on innovation and productivity.",
      "Toyota is a well-established automotive company known for its reliable cars and innovative technology. The brand emphasizes quality, safety, and environmental sustainability.",
      "IBM is a technology and consulting company with a global presence. IBM's brand is synonymous with innovation, problem-solving, and business solutions for enterprises.",
      "Burberry is a British luxury fashion brand famous for its iconic trench coats, fashion accessories, and perfumes. The brand blends traditional craftsmanship with modern elegance."
    ],
    "description": "This column is about providing a description for different brands involved in the project. It could include information such as the brand's history, mission, products/services, target audience, and any other relevant details to help differentiate the brands within the context of the project."
  },
  {
    "input": "auth identities provider_id",
    "examples": [
      "google_123456789",
      "facebook_abcdef1234",
      "linkedin_987654321",
      "twitter_xyz789",
      "github_user123",
      "apple_456user",
      "microsoft_789account",
      "yahoo_userabc",
      "spotify_1234playlist",
      "instagram_abc123",
      "amazon_user987",
      "slack_workspace123",
      "dropbox_userxyz",
      "pinterest_user456",
      "twitch_streamer789",
      "snapchat_userabc",
      "skype_user123",
      "reddit_userxyz",
      "discord_789server",
      "zoom_123account"
    ],
    "description": "This column is about storing the identities of users who have been authenticated, specifically the provider ID associated with each identity."
  },
  {
    "input": "auth identities provider",
    "examples": [
      "Google",
      "Facebook",
      "Apple",
      "Twitter",
      "LinkedIn",
      "GitHub",
      "Microsoft",
      "Amazon",
      "Yahoo",
      "Instagram",
      "Outlook",
      "Slack",
      "Dropbox",
      "Salesforce",
      "Okta",
      "GitLab",
      "Reddit",
      "Twitch",
      "PayPal",
      "Zoom"
    ],
    "description": "This column is about storing the identity provider for authenticating users. It may contain information about the service or platform used for user authentication, such as social media accounts, email services, etc."
  },
  {
    "input": "auth sessions user_agent",
    "examples": [
      "Mozilla/5.0 (X11; Linux x86_64) AppleWebKit/537.36 (KHTML, like Gecko) Chrome/91.0.4472.77 Safari/537.36",
      "Mozilla/5.0 (Windows NT 10.0; Win64; x64) AppleWebKit/537.36 (KHTML, like Gecko) Chrome/92.0.4515.159 Safari/537.36",
      "Mozilla/5.0 (Macintosh; Intel Mac OS X 10_15_7) AppleWebKit/605.1.15 (KHTML, like Gecko) Version/14.0.3 Safari/605.1.15",
      "Mozilla/5.0 (iPad; CPU OS 14_4 like Mac OS X) AppleWebKit/605.1.15 (KHTML, like Gecko) Mobile/15E148",
      "Mozilla/5.0 (iPhone; CPU iPhone OS 14_7 like Mac OS X) AppleWebKit/605.1.15 (KHTML, like Gecko) Mobile/15E148",
      "Mozilla/5.0 (Windows NT 10.0; Win64; x64) AppleWebKit/537.36 (KHTML, like Gecko) Edge/92.0.902.73 Safari/537.36",
      "Mozilla/5.0 (X11; Linux x86_64) AppleWebKit/537.36 (KHTML, like Gecko) HeadlessChrome/88.0.4298.0 Safari/537.36",
      "Mozilla/5.0 (Windows NT 6.1; Win64; x64) AppleWebKit/537.36 (KHTML, like Gecko) Chrome/91.0.4472.124 Safari/537.36",
      "Mozilla/5.0 (X11; Linux x86_64) AppleWebKit/537.36 (KHTML, like Gecko) Chrome/91.0.4472.124 Safari/537.36",
      "Mozilla/5.0 (Windows NT 10.0; Win64; x64) AppleWebKit/537.36 (KHTML, like Gecko) Chrome/92.0.4515.107 Safari/537.36",
      "Mozilla/5.0 (Windows NT 10.0; Win64; x64) AppleWebKit/537.36 (KHTML, like Gecko) Chrome/91.0.4472.114 Safari/537.36",
      "Mozilla/5.0 (Windows NT 6.1; Win64; x64) AppleWebKit/537.36 (KHTML, like Gecko) Chrome/92.0.4515.159 Safari/537.36",
      "Mozilla/5.0 (Windows NT 10.0; Win64; x64) AppleWebKit/537.36 (KHTML, like Gecko) Chrome/91.0.4472.114 Safari/537.36",
      "Mozilla/5.0 (Windows NT 10.0; Win64; x64) AppleWebKit/537.36 (KHTML, like Gecko) Chrome/91.0.4472.124 Safari/537.36",
      "Mozilla/5.0 (Macintosh; Intel Mac OS X 10_15_7) AppleWebKit/605.1.15 (KHTML, like Gecko) Version/14.0.3 Safari/605.1.15",
      "Mozilla/5.0 (Windows NT 10.0; Win64; x64) AppleWebKit/537.36 (KHTML, like Gecko) Chrome/91.0.4472.101 Safari/537.36",
      "Mozilla/5.0 (Windows NT 10.0; Win64; x64) AppleWebKit/537.36 (KHTML, like Gecko) Chrome/92.0.4515.159 Safari/537.36",
      "Mozilla/5.0 (iPhone; CPU iPhone OS 14_7 like Mac OS X) AppleWebKit/605.1.15 (KHTML, like Gecko) Mobile/15E148",
      "Mozilla/5.0 (Windows NT 10.0; Win64; x64) AppleWebKit/537.36 (KHTML, like Gecko) Chrome/92.0.4515.101 Safari/537.36",
      "Mozilla/5.0 (Windows NT 10.0; Win64; x64) AppleWebKit/537.36 (KHTML, like Gecko) Chrome/91.0.4472.124 Safari/537.36"
    ],
    "description": "This column is about storing the user agent information for the sessions that are related to user authentication in the project's system."
  },
  {
    "input": "auth sessions tag",
    "examples": [
      "login",
      "logout",
      "admin",
      "user",
      "session",
      "security",
      "token",
      "authentication",
      "authorization",
      "password",
      "2fa",
      "VPN",
      "biometric",
      "device",
      "tracking",
      "access",
      "expiry",
      "recovery",
      "audit",
      "sso"
    ],
    "description": "This column is about storing tags associated with authentication sessions in the 'auth.sessions' table."
  },
  {
    "input": "public social_posts content_text",
    "examples": [
      "Just finished a great workout at the gym! Feeling amazing!",
      "Ready for the weekend getaway! Time to relax and unwind.",
      "Excited to launch our new product next week! Stay tuned for updates.",
      "Happy birthday to my best friend! Grateful for all the fun memories.",
      "Exploring new coffee shops in the city. Found my new favorite spot!",
      "Spent the day volunteering at the local shelter. Such a rewarding experience.",
      "Throwback to our amazing vacation last summer. Can't wait to travel again!",
      "Enjoying a cozy night in with my favorite book and a cup of tea.",
      "Attended an inspiring workshop today. Feeling motivated and empowered!",
      "Beautiful sunset views from the hike earlier. Nature is truly magical.",
      "Cooked a delicious meal from scratch today. Cooking therapy at its best!",
      "Proud of my team for achieving our project goals. Hard work pays off!",
      "Reflecting on the importance of self-care. Remember to prioritize your well-being!",
      "Celebrating small victories today. Every step forward counts!",
      "Excited to share a sneak peek of our upcoming collection. Can't wait for the launch!",
      "Spotted a double rainbow after the rain. Mother Nature's artwork is breathtaking.",
      "Trying out a new hobby - painting! Embracing creativity in different forms.",
      "Grateful for the support of friends and family during challenging times.",
      "Attending a virtual conference today. Learning and networking from home.",
      "Joining a virtual workout class for some midday exercise. Let's break a sweat!",
      "Sharing a delicious recipe for homemade cookies. Baking therapy in progress!"
    ],
    "description": "This column is about storing the text content of social media posts made by users. It likely includes the actual messages or captions posted on social media platforms as part of the social media marketing aspect of the project."
  },
  {
    "input": "public social_posts url",
    "examples": [
      "https://www.facebook.com/user123/posts/123456789",
      "https://twitter.com/user456/status/987654321",
      "https://www.instagram.com/p/abcdef123456/",
      "https://www.linkedin.com/feed/update/789123456/",
      "https://www.pinterest.com/pin/123456789/",
      "https://www.tiktok.com/@user789/video/987654321",
      "https://www.reddit.com/r/community123/comments/abcdef/",
      "https://www.snapchat.com/story/username123/123456789",
      "https://www.youtube.com/watch?v=abcdef123456",
      "https://www.behance.net/gallery/123456789/Project-Title",
      "https://www.twitch.tv/user123",
      "https://www.tumblr.com/post/123456789/blog-name",
      "https://www.whatsapp.com/message/123456789",
      "https://www.discord.com/channels/server123/123456789",
      "https://www.quora.com/question/123456789",
      "https://www.wechat.com/moments/123456789",
      "https://www.snapchat.com/discover/story/item123456789",
      "https://www.vimeo.com/123456789",
      "https://www.goodreads.com/book/show/123456789",
      "https://www.soundcloud.com/user123/track/abcdef123456"
    ],
    "description": "This column is about storing the URLs associated with social media posts in the public schema. These URLs may lead to the actual social media posts on various platforms such as Facebook, Twitter, Instagram, etc."
  },
  {
    "input": "public social_posts_comments content_text",
    "examples": [
      "Just posted a new blog article on our website, check it out!",
      "Excited to share our latest product release with everyone!",
      "Engaging with our followers by hosting a live Q&A session tomorrow.",
      "Received a great review from a customer, sharing the feedback!",
      "Launching a social media giveaway to increase user engagement.",
      "Discussing the importance of social media presence in our industry.",
      "Analyzing user data to improve our social media strategy.",
      "Sharing behind-the-scenes photos from our team retreat.",
      "Congratulations to our team member for reaching a social media milestone!",
      "Encouraging user-generated content by reposting customer photos.",
      "Celebrating our company anniversary with a special social media post.",
      "Announcing a partnership with a popular influencer in our niche.",
      "Exploring new ways to drive traffic to our website through social media.",
      "Recapping the highlights from our latest webinar on social media marketing.",
      "Asking our followers for feedback on our latest product design.",
      "Discussing the impact of social media algorithms on reach and engagement.",
      "Highlighting customer testimonials to showcase our brand's credibility.",
      "Sharing tips for creating compelling social media content.",
      "Sharing a sneak peek of our upcoming product launch.",
      "Discussing the challenges of managing multiple social media accounts."
    ],
    "description": "This column is about storing the text content of social media posts and comments related to the project's social media marketing and website data scraping activities. It may contain text related to managing brands, social profiles, user sessions, and website data caching. This text would typically include the content of posts, comments, and other textual information shared on social media platforms."
  },
  {
    "input": "public social_profiles name",
    "examples": [
      "John Doe",
      "SaraSmith365",
      "AdventureTime",
      "TechNerd",
      "FoodieLady",
      "FitnessJunkie",
      "AlexParker",
      "Traveler123",
      "Fashionista",
      "GamerGuy88",
      "PetLover23",
      "MusicManiac",
      "DanceStar",
      "YogaQueen",
      "PhotographyPro",
      "NatureLover",
      "Bookworm",
      "ArtEnthusiast",
      "MovieBuff",
      "DIYGal"
    ],
    "description": "This column is about storing the name or display name associated with a social media profile on the platform being used for social media marketing and data scraping in the project."
  },
  {
    "input": "public social_profiles social_url",
    "examples": [
      "http://www.facebook.com/johndoe",
      "https://twitter.com/sarahsmith",
      "https://www.instagram.com/alex_anderson",
      "http://linkedin.com/in/emily-jones",
      "https://www.pinterest.com/markwilliams",
      "https://www.youtube.com/channel/amyharris",
      "https://www.reddit.com/user/davidbrown23",
      "https://www.tiktok.com/@laurawilson",
      "https://www.snapchat.com/add/sam_richards",
      "https://www.twitch.tv/luca_gaming",
      "https://www.linkedin.com/company/tech-solutions-inc",
      "https://www.instagram.com/cookingwithlisa",
      "https://www.facebook.com/businesspage",
      "https://twitter.com/marketing_guru",
      "https://www.pinterest.com/wanderlust_travels",
      "https://www.youtube.com/craftingwithsara",
      "https://www.reddit.com/r/programmingcommunity",
      "https://www.tiktok.com/@fashionista_gabby",
      "https://www.snapchat.com/add/jason_adams",
      "https://www.twitch.tv/rachel_gamer"
    ],
    "description": "This column is about storing the URL of a social media profile associated with a user in the public.social_profiles table."
  },
  {
    "input": "public social_profiles social_handle",
    "examples": [
      "@john_doe",
      "jane_smith87",
      "myBrand123",
      "sara_influencer",
      "the_foodie",
      "tech_guru_22",
      "fitness_freak",
      "traveler123",
      "gaming_master",
      "art_lover",
      "fashionista345",
      "coding_ninja",
      "musiclover_90",
      "pet_lover",
      "hiking_enthusiast",
      "bookworm_01",
      "food_blogger123",
      "gardening_guru",
      "beauty_queen",
      "sports_fanatic"
    ],
    "description": "This column is about storing the social media handles (e.g., usernames) associated with the social profiles of users or brands in the public social profiles table. It allows for easy identification and access to specific social profiles on various social media platforms."
  },
  {
    "input": "public social_profiles platform",
    "examples": [
      "Facebook",
      "Twitter",
      "Instagram",
      "LinkedIn",
      "Pinterest",
      "Snapchat",
      "TikTok",
      "Reddit",
      "YouTube",
      "Tumblr",
      "WhatsApp",
      "WeChat",
      "VKontakte",
      "Flickr",
      "Medium",
      "Quora",
      "Periscope",
      "Vimeo",
      "Meetup",
      "XING"
    ],
    "description": "This column is about the platform associated with social profiles in the public.social_profiles table. It likely contains the specific social media platform where the social profile exists, such as Facebook, Twitter, Instagram, LinkedIn, etc."
  },
  {
    "input": "auth users aud",
    "examples": [
      "12345",
      "67890",
      "abc123",
      "user_001",
      "john_doe",
      "jane_smith",
      "testuser",
      "customer123",
      "admin",
      "moderator",
      "support_team",
      "guest",
      "user1234",
      "user5678",
      "9876",
      "user.mike",
      "user.sara",
      "user.peter",
      "developer007",
      "user_special",
      "internal_user"
    ],
    "description": "This column is about identifying the audience/user ID associated with a particular user in the authentication system."
  },
  {
    "input": "auth users role",
    "examples": [
      "admin",
      "moderator",
      "user",
      "superadmin",
      "analyst",
      "editor",
      "contributor",
      "developer",
      "customer_support",
      "marketing_manager",
      "content_creator",
      "designer",
      "sales_representative",
      "quality_assurance",
      "consultant",
      "team_lead",
      "intern",
      "guest",
      "brand_ambassador",
      "affiliate_marketer"
    ],
    "description": "This column is about defining the role or permission level of users within the authentication system. It likely includes values such as 'admin', 'moderator', 'user', etc., which determine the access rights and privileges of each user within the social media marketing and website data scraping project."
  },
  {
    "input": "auth users email",
    "examples": [
      "john.doe@example.com",
      "jane.smith@gmail.com",
      "bob_jones123@yahoo.com",
      "sara.miller@hotmail.com",
      "mike_wilson@outlook.com",
      "emily_carter1234@company.com",
      "sam.brown@school.edu",
      "chris_lee@techstartup.io",
      "alex.smithson@consultingfirm.org",
      "linda.jameson@retailstore.com",
      "mark_taylor@banking.com",
      "amanda.clark@nonprofit.org",
      "daniel_murphy@engineeringfirm.com",
      "tina_anderson@newstartup.com",
      "robert.jenkins@manufacturingcompany.net",
      "laura_smith@marketingagency.com",
      "steve_williams@lawfirm.com",
      "julia.baker@investmentgroup.org",
      "kevin.jones@travelagency.com",
      "michelle_chang@ecommerceplatform.com"
    ],
    "description": "This column is used to store the email addresses of users for authentication and communication purposes."
  },
  {
    "input": "auth users encrypted_password",
    "examples": [
      "jkebc758GTY91nDq09s",
      "P$w0rd123!@#",
      "2fErT1@3pQ",
      "iH8sPam#2022",
      "securePass_345",
      "G1v3M3Acc3$$!",
      "P@ssw0rd!$safe",
      "7hXb34$zPw!",
      "th1sIsMyP@ss",
      "9JuMpJ1m$",
      "So9%2A@J!x",
      "p@ssw0rd123",
      "Encrypted123!",
      "w3bScrap3r&Me",
      "MyS3cr3tP@ss",
      "HelloW0rld2022",
      "S0c14LM3d!@",
      "Pa$$w0rdS3kur3",
      "Qw3rty@234",
      "P@ssAuth567"
    ],
    "description": "This column is storing the encrypted password of users for authentication purposes in the project related to social media marketing and website data scraping."
  },
  {
    "input": "auth users confirmation_token",
    "examples": [
      "82jks92lalp32",
      "e4f7g2d9h1j3q",
      "r6t8y2u0i1k4s",
      "p0o9i3u1y2t4r",
      "q2w9g8d3f5e1",
      "n7b3m5x2v8q1",
      "j1h2k3l4m5n6",
      "z8x9c2v3b4n5",
      "i9u8y7t6r5e4",
      "o0i9u8y7t6r",
      "l4m6k8j2h3g5",
      "b2n3m5x7z1q6",
      "a2s4d6f8g1h3",
      "c9v8b3n2m1k7",
      "w5e7r3t1y9u2",
      "g4h6j8k0l2m5",
      "v7c2x9z0q3w6",
      "f1d2s3a4g5h6",
      "t8r9e7w5q3a1",
      "y6u3i5o2p8l4"
    ],
    "description": "This column is used to store a token that is sent to users for confirming their email address during the account registration process."
  },
  {
    "input": "auth users recovery_token",
    "examples": [
      "R3c0v3ryT0k3n2021!",
      "u$erPassw0rd!r3c0v3ry",
      "r3C0V3ryT0k3n_1234",
      "passw0rd#R3c0v3ry",
      "T0k3n4cC0untR3c0v3ry",
      "R3c0v3ry!123456",
      "p@ssW0rd!_r3c0v3ry",
      "RecoveryT0k3n_2022",
      "123456r3c0v3ryT0k3n",
      "!R3c0v3ryT0k3n#2023",
      "acc0untR3c0v3ry!P@ss",
      "P@ss_R3c0v3ry_T0k3n",
      "R3coverAcc0unt!2024",
      "T0k3n_!Recovery_#2025",
      "!1234R3c0v3!Pass",
      "R3c0v3ry2026_Passw0rd!",
      "passw0rdR3c0v3ry#2027",
      "R3coveRy_P@ss!2028",
      "2029r3c0v3ryT0k3n_P@ss",
      "T0k3n!2029_Recovery"
    ],
    "description": "This column is used to store recovery tokens for authenticating users who need to recover access to their accounts, such as resetting passwords."
  },
  {
    "input": "auth users email_change_token_new",
    "examples": [
      "0x7c4a8d09ca376a5b7a",
      "0xb467773a8d7868c4bd",
      "0x3eab8f41dc6790f123",
      "0xf8c4a392b6e924ad4c",
      "0x9e1a3f5c76ab4328e6",
      "0x5b3476d7f2981a1d2c",
      "0x67d82a4e1bcf3e02f9",
      "0x8f2b5e7c934d61ab3a",
      "0x2dca1e4f0b6a8c9f3e",
      "0xe4b0c89af73d2e1c7b",
      "0xa1e3d8b7f4c29a0b2d",
      "0xcd7f3a8b6e42d9c1f0",
      "0x4c1b2d9e8f3a0c7b6",
      "0x6a6b9c3f2d7e5b1a8",
      "0xb9c7d3e5a6f2b1c4d",
      "0xd4f9a3c5b7e6d8a2c",
      "0x8e1a5a6d2b3f8d4c7",
      "0x1b6a5c3d7e2f9a7b8",
      "0x5b8c1d2e7f4a6a9c3",
      "0x9a3d2b5c7a1f4e8d6"
    ],
    "description": "This column is a token used for verifying and confirming a new email address when a user requests to change their email on the website. It is part of the user authentication process within the project."
  },
  {
    "input": "auth users email_change",
    "examples": [
      "john.doe@example.com",
      "jane_smith@gmail.com",
      "michael123@yahoo.com",
      "elena_wong@hotmail.com",
      "alexander.brown@outlook.com",
      "sarah_miller@icloud.com",
      "kevinJohnson123@protonmail.com",
      "linda.smith@company.com",
      "markwilson123@hotmail.co.uk",
      "emily_parker@yahoo.co.in",
      "chris.martin@gmail.com",
      "vicky_1987@aol.com",
      "sam_watson@domain.org",
      "amanda.tan@school.edu",
      "robert_jones@startup.io",
      "daniel.smith@techfirm.com",
      "laura.williams@gmail.com",
      "steve123@newmailservice.com",
      "rebecca.green@socialmedia.net",
      "matthewwhite96@gradstudent.edu"
    ],
    "description": "This column is about storing the new email address when a user requests to change their email in the authentication system."
  },
  {
    "input": "public website_data_sources entry_url",
    "examples": [
      "https://www.example.com/news",
      "https://www.socialmediaupdates.com",
      "https://www.brandmanagementinsights.org",
      "https://www.datacollectionhub.com",
      "https://www.marketinganalyticsreporting.com",
      "https://www.consumerinsightsportal.net",
      "https://www.digitaltrendsanalysis.com",
      "https://www.influencerengagementplatform.org",
      "https://www.sponsoredcontentinsights.com",
      "https://www.sociallisteningdashboard.net",
      "https://www.reputationmonitoringtoolkit.org",
      "https://www.customerfeedbackanalysis.com",
      "https://www.marketresearchhub.net",
      "https://www.brandmonitoringportal.org",
      "https://www.competitoranalysisinsights.com",
      "https://www.influencermarketingplatform.net",
      "https://www.consumerbehaviortrends.com",
      "https://www.socialengagementmetrics.org",
      "https://www.reviewaggregationportal.net",
      "https://www.datamininginsights.com"
    ],
    "description": "This column is about storing the URLs of the website data sources. These could be the URLs of websites from which data is being scraped for social media marketing and brand management purposes."
  },
  {
    "input": "public website_data_sources name",
    "examples": [
      "Facebook API",
      "Twitter Ads Manager",
      "Instagram Insights",
      "LinkedIn Marketing Solutions",
      "Google Analytics",
      "Pinterest for Business",
      "YouTube Analytics",
      "Reddit API",
      "Snapchat Ads Manager",
      "TikTok For Business",
      "Mailchimp Reports",
      "HubSpot Marketing Hub",
      "Salesforce CRM",
      "Canva Analytics",
      "Hootsuite Dashboard",
      "Buffer Analytics",
      "Moz Pro",
      "SEMrush",
      "Ahrefs",
      "Klaviyo Reports"
    ],
    "description": "This column is about the name of the website data sources that are being scraped for social media marketing and website data in the project."
  },
  {
    "input": "public website_data_sources description",
    "examples": [
      "Data sourced from government open data portals for population demographics and economic indicators.",
      "Data collected from customer surveys conducted online via the website's feedback form.",
      "Data originates from third-party APIs providing real-time weather information for website integration.",
      "User-generated content collected from community forums and social media platforms for sentiment analysis.",
      "Data sourced from web scraping financial news websites for stock market analysis.",
      "Customer behavior data captured through website cookies and analytics tools.",
      "Data obtained from partnerships with industry-specific research firms for market trends analysis.",
      "Location data sourced from GPS tracking services integrated into the website for personalized user experiences.",
      "Data collected from online retail transactions for sales performance analysis.",
      "Healthcare data obtained from medical institutions for research purposes on the website.",
      "User engagement metrics tracked through website heatmaps and clickstream analysis tools.",
      "Data sourced from academic research papers and studies for content enrichment and knowledge base development.",
      "Social media influencer data gathered for influencer marketing campaign strategies on the website.",
      "Real estate listing information obtained from property listing websites for property market analysis.",
      "Environmental data collected from IoT devices integrated into the website for environmental impact assessments.",
      "Data obtained from online surveys conducted by market research firms for consumer behavior analysis.",
      "Travel itinerary data sourced from travel booking platforms for personalized travel recommendations on the website.",
      "E-commerce product data collected from manufacturers for product catalog updates on the website.",
      "Research data sourced from scientific publications for data-driven decision-making on the website.",
      "Data obtained from user interactions with virtual assistants integrated into the website for user behavior analysis."
    ],
    "description": "This column is about describing the data sources for website data used in the project, such as where the data is sourced from, how it is collected, and any relevant details about the data origins."
  }
]